"Leerlingen en studenten; onderwijssoort, woonregio";;;;;;;;;;;;;;;;;;;;;;;;;;;;;;;;;;;;;;;;;;;;;;;;;;;;;;;;;;;;;;;;;;;;;;;;;;;;;;;;;;;;;;;;;;;;;;;;;;;;;;;;;;;;;;;;;;;;;;;;;;;;;;;;;;;;;;;;;;;;;;;;;;;;;;;;;;;;;;;;;;;;;;;;;;;;;;;;;;;;;;;;;;;;;;;;;;;;;;;;;;;;;;;;;;;;;;;;;;;;;;;;;;;;;;;;;;;;;;;;;;;;;;;;;;;;;;;;;;;;;;;;;;;;;;;;;;;;;;;;;;;;;;;;;;;;;;;;;;;;;;;;;;;;;;;;;;;;;;;;;;;;;;;;;;;;;;;;;;;;;;;;;;;;;;;;;;;;;;;;;;;;;;;;;;;;;;;;;;;;;;;;;;;;;;;;;;;;;;;;;;;;;;;;;;;;;;;;;;;;;;;;;;;;;;;;;;;;;;;;;;;;;;
Geslacht: Totaal mannen en vrouwen;;;;;;;;;;;;;;;;;;;;;;;;;;;;;;;;;;;;;;;;;;;;;;;;;;;;;;;;;;;;;;;;;;;;;;;;;;;;;;;;;;;;;;;;;;;;;;;;;;;;;;;;;;;;;;;;;;;;;;;;;;;;;;;;;;;;;;;;;;;;;;;;;;;;;;;;;;;;;;;;;;;;;;;;;;;;;;;;;;;;;;;;;;;;;;;;;;;;;;;;;;;;;;;;;;;;;;;;;;;;;;;;;;;;;;;;;;;;;;;;;;;;;;;;;;;;;;;;;;;;;;;;;;;;;;;;;;;;;;;;;;;;;;;;;;;;;;;;;;;;;;;;;;;;;;;;;;;;;;;;;;;;;;;;;;;;;;;;;;;;;;;;;;;;;;;;;;;;;;;;;;;;;;;;;;;;;;;;;;;;;;;;;;;;;;;;;;;;;;;;;;;;;;;;;;;;;;;;;;;;;;;;;;;;;;;;;;;;;;;;;;;;;;
Perioden: 2013/'14;;;;;;;;;;;;;;;;;;;;;;;;;;;;;;;;;;;;;;;;;;;;;;;;;;;;;;;;;;;;;;;;;;;;;;;;;;;;;;;;;;;;;;;;;;;;;;;;;;;;;;;;;;;;;;;;;;;;;;;;;;;;;;;;;;;;;;;;;;;;;;;;;;;;;;;;;;;;;;;;;;;;;;;;;;;;;;;;;;;;;;;;;;;;;;;;;;;;;;;;;;;;;;;;;;;;;;;;;;;;;;;;;;;;;;;;;;;;;;;;;;;;;;;;;;;;;;;;;;;;;;;;;;;;;;;;;;;;;;;;;;;;;;;;;;;;;;;;;;;;;;;;;;;;;;;;;;;;;;;;;;;;;;;;;;;;;;;;;;;;;;;;;;;;;;;;;;;;;;;;;;;;;;;;;;;;;;;;;;;;;;;;;;;;;;;;;;;;;;;;;;;;;;;;;;;;;;;;;;;;;;;;;;;;;;;;;;;;;;;;;;;;;;
;;;;;;;;;;;;;;;;;;;;;;;;;;;;;;;;;;;;;;;;;;;;;;;;;;;;;;;;;;;;;;;;;;;;;;;;;;;;;;;;;;;;;;;;;;;;;;;;;;;;;;;;;;;;;;;;;;;;;;;;;;;;;;;;;;;;;;;;;;;;;;;;;;;;;;;;;;;;;;;;;;;;;;;;;;;;;;;;;;;;;;;;;;;;;;;;;;;;;;;;;;;;;;;;;;;;;;;;;;;;;;;;;;;;;;;;;;;;;;;;;;;;;;;;;;;;;;;;;;;;;;;;;;;;;;;;;;;;;;;;;;;;;;;;;;;;;;;;;;;;;;;;;;;;;;;;;;;;;;;;;;;;;;;;;;;;;;;;;;;;;;;;;;;;;;;;;;;;;;;;;;;;;;;;;;;;;;;;;;;;;;;;;;;;;;;;;;;;;;;;;;;;;;;;;;;;;;;;;;;;;;;;;;;;;;;;;;;;;;;;;;;;;;
Onderwerp;Leerlingen/studenten;Leerlingen/studenten;Leerlingen/studenten;Leerlingen/studenten;Leerlingen/studenten;Leerlingen/studenten;Leerlingen/studenten;Leerlingen/studenten;Leerlingen/studenten;Leerlingen/studenten;Leerlingen/studenten;Leerlingen/studenten;Leerlingen/studenten;Leerlingen/studenten;Leerlingen/studenten;Leerlingen/studenten;Leerlingen/studenten;Leerlingen/studenten;Leerlingen/studenten;Leerlingen/studenten;Leerlingen/studenten;Leerlingen/studenten;Leerlingen/studenten;Leerlingen/studenten;Leerlingen/studenten;Leerlingen/studenten;Leerlingen/studenten;Leerlingen/studenten;Leerlingen/studenten;Leerlingen/studenten;Leerlingen/studenten;Leerlingen/studenten;Leerlingen/studenten;Leerlingen/studenten;Leerlingen/studenten;Leerlingen/studenten;Leerlingen/studenten;Leerlingen/studenten;Leerlingen/studenten;Leerlingen/studenten;Leerlingen/studenten;Leerlingen/studenten;Leerlingen/studenten;Leerlingen/studenten;Leerlingen/studenten;Leerlingen/studenten;Leerlingen/studenten;Leerlingen/studenten;Leerlingen/studenten;Leerlingen/studenten;Leerlingen/studenten;Leerlingen/studenten;Leerlingen/studenten;Leerlingen/studenten;Leerlingen/studenten;Leerlingen/studenten;Leerlingen/studenten;Leerlingen/studenten;Leerlingen/studenten;Leerlingen/studenten;Leerlingen/studenten;Leerlingen/studenten;Leerlingen/studenten;Leerlingen/studenten;Leerlingen/studenten;Leerlingen/studenten;Leerlingen/studenten;Leerlingen/studenten;Leerlingen/studenten;Leerlingen/studenten;Leerlingen/studenten;Leerlingen/studenten;Leerlingen/studenten;Leerlingen/studenten;Leerlingen/studenten;Leerlingen/studenten;Leerlingen/studenten;Leerlingen/studenten;Leerlingen/studenten;Leerlingen/studenten;Leerlingen/studenten;Leerlingen/studenten;Leerlingen/studenten;Leerlingen/studenten;Leerlingen/studenten;Leerlingen/studenten;Leerlingen/studenten;Leerlingen/studenten;Leerlingen/studenten;Leerlingen/studenten;Leerlingen/studenten;Leerlingen/studenten;Leerlingen/studenten;Leerlingen/studenten;Leerlingen/studenten;Leerlingen/studenten;Leerlingen/studenten;Leerlingen/studenten;Leerlingen/studenten;Leerlingen/studenten;Leerlingen/studenten;Leerlingen/studenten;Leerlingen/studenten;Leerlingen/studenten;Leerlingen/studenten;Leerlingen/studenten;Leerlingen/studenten;Leerlingen/studenten;Leerlingen/studenten;Leerlingen/studenten;Leerlingen/studenten;Leerlingen/studenten;Leerlingen/studenten;Leerlingen/studenten;Leerlingen/studenten;Leerlingen/studenten;Leerlingen/studenten;Leerlingen/studenten;Leerlingen/studenten;Leerlingen/studenten;Leerlingen/studenten;Leerlingen/studenten;Leerlingen/studenten;Leerlingen/studenten;Leerlingen/studenten;Leerlingen/studenten;Leerlingen/studenten;Leerlingen/studenten;Leerlingen/studenten;Leerlingen/studenten;Leerlingen/studenten;Leerlingen/studenten;Leerlingen/studenten;Leerlingen/studenten;Leerlingen/studenten;Leerlingen/studenten;Leerlingen/studenten;Leerlingen/studenten;Leerlingen/studenten;Leerlingen/studenten;Leerlingen/studenten;Leerlingen/studenten;Leerlingen/studenten;Leerlingen/studenten;Leerlingen/studenten;Leerlingen/studenten;Leerlingen/studenten;Leerlingen/studenten;Leerlingen/studenten;Leerlingen/studenten;Leerlingen/studenten;Leerlingen/studenten;Leerlingen/studenten;Leerlingen/studenten;Leerlingen/studenten;Leerlingen/studenten;Leerlingen/studenten;Leerlingen/studenten;Leerlingen/studenten;Leerlingen/studenten;Leerlingen/studenten;Leerlingen/studenten;Leerlingen/studenten;Leerlingen/studenten;Leerlingen/studenten;Leerlingen/studenten;Leerlingen/studenten;Leerlingen/studenten;Leerlingen/studenten;Leerlingen/studenten;Leerlingen/studenten;Leerlingen/studenten;Leerlingen/studenten;Leerlingen/studenten;Leerlingen/studenten;Leerlingen/studenten;Leerlingen/studenten;Leerlingen/studenten;Leerlingen/studenten;Leerlingen/studenten;Leerlingen/studenten;Leerlingen/studenten;Leerlingen/studenten;Leerlingen/studenten;Leerlingen/studenten;Leerlingen/studenten;Leerlingen/studenten;Leerlingen/studenten;Leerlingen/studenten;Leerlingen/studenten;Leerlingen/studenten;Leerlingen/studenten;Leerlingen/studenten;Leerlingen/studenten;Leerlingen/studenten;Leerlingen/studenten;Leerlingen/studenten;Leerlingen/studenten;Leerlingen/studenten;Leerlingen/studenten;Leerlingen/studenten;Leerlingen/studenten;Leerlingen/studenten;Leerlingen/studenten;Leerlingen/studenten;Leerlingen/studenten;Leerlingen/studenten;Leerlingen/studenten;Leerlingen/studenten;Leerlingen/studenten;Leerlingen/studenten;Leerlingen/studenten;Leerlingen/studenten;Leerlingen/studenten;Leerlingen/studenten;Leerlingen/studenten;Leerlingen/studenten;Leerlingen/studenten;Leerlingen/studenten;Leerlingen/studenten;Leerlingen/studenten;Leerlingen/studenten;Leerlingen/studenten;Leerlingen/studenten;Leerlingen/studenten;Leerlingen/studenten;Leerlingen/studenten;Leerlingen/studenten;Leerlingen/studenten;Leerlingen/studenten;Leerlingen/studenten;Leerlingen/studenten;Leerlingen/studenten;Leerlingen/studenten;Leerlingen/studenten;Leerlingen/studenten;Leerlingen/studenten;Leerlingen/studenten;Leerlingen/studenten;Leerlingen/studenten;Leerlingen/studenten;Leerlingen/studenten;Leerlingen/studenten;Leerlingen/studenten;Leerlingen/studenten;Leerlingen/studenten;Leerlingen/studenten;Leerlingen/studenten;Leerlingen/studenten;Leerlingen/studenten;Leerlingen/studenten;Leerlingen/studenten;Leerlingen/studenten;Leerlingen/studenten;Leerlingen/studenten;Leerlingen/studenten;Leerlingen/studenten;Leerlingen/studenten;Leerlingen/studenten;Leerlingen/studenten;Leerlingen/studenten;Leerlingen/studenten;Leerlingen/studenten;Leerlingen/studenten;Leerlingen/studenten;Leerlingen/studenten;Leerlingen/studenten;Leerlingen/studenten;Leerlingen/studenten;Leerlingen/studenten;Leerlingen/studenten;Leerlingen/studenten;Leerlingen/studenten;Leerlingen/studenten;Leerlingen/studenten;Leerlingen/studenten;Leerlingen/studenten;Leerlingen/studenten;Leerlingen/studenten;Leerlingen/studenten;Leerlingen/studenten;Leerlingen/studenten;Leerlingen/studenten;Leerlingen/studenten;Leerlingen/studenten;Leerlingen/studenten;Leerlingen/studenten;Leerlingen/studenten;Leerlingen/studenten;Leerlingen/studenten;Leerlingen/studenten;Leerlingen/studenten;Leerlingen/studenten;Leerlingen/studenten;Leerlingen/studenten;Leerlingen/studenten;Leerlingen/studenten;Leerlingen/studenten;Leerlingen/studenten;Leerlingen/studenten;Leerlingen/studenten;Leerlingen/studenten;Leerlingen/studenten;Leerlingen/studenten;Leerlingen/studenten;Leerlingen/studenten;Leerlingen/studenten;Leerlingen/studenten;Leerlingen/studenten;Leerlingen/studenten;Leerlingen/studenten;Leerlingen/studenten;Leerlingen/studenten;Leerlingen/studenten;Leerlingen/studenten;Leerlingen/studenten;Leerlingen/studenten;Leerlingen/studenten;Leerlingen/studenten;Leerlingen/studenten;Leerlingen/studenten;Leerlingen/studenten;Leerlingen/studenten;Leerlingen/studenten;Leerlingen/studenten;Leerlingen/studenten;Leerlingen/studenten;Leerlingen/studenten;Leerlingen/studenten;Leerlingen/studenten;Leerlingen/studenten;Leerlingen/studenten;Leerlingen/studenten;Leerlingen/studenten;Leerlingen/studenten;Leerlingen/studenten;Leerlingen/studenten;Leerlingen/studenten;Leerlingen/studenten;Leerlingen/studenten;Leerlingen/studenten;Leerlingen/studenten;Leerlingen/studenten;Leerlingen/studenten;Leerlingen/studenten;Leerlingen/studenten;Leerlingen/studenten;Leerlingen/studenten;Leerlingen/studenten;Leerlingen/studenten;Leerlingen/studenten;Leerlingen/studenten;Leerlingen/studenten;Leerlingen/studenten;Leerlingen/studenten;Leerlingen/studenten;Leerlingen/studenten;Leerlingen/studenten;Leerlingen/studenten;Leerlingen/studenten;Leerlingen/studenten;Leerlingen/studenten;Leerlingen/studenten;Leerlingen/studenten;Leerlingen/studenten;Leerlingen/studenten;Leerlingen/studenten;Leerlingen/studenten;Leerlingen/studenten;Leerlingen/studenten;Leerlingen/studenten;Leerlingen/studenten;Leerlingen/studenten;Leerlingen/studenten;Leerlingen/studenten;Leerlingen/studenten;Leerlingen/studenten;Leerlingen/studenten;Leerlingen/studenten;Leerlingen/studenten;Leerlingen/studenten;Leerlingen/studenten;Leerlingen/studenten;Leerlingen/studenten;Leerlingen/studenten;Leerlingen/studenten;Leerlingen/studenten;Leerlingen/studenten;Leerlingen/studenten;Leerlingen/studenten;Leerlingen/studenten;Leerlingen/studenten;Leerlingen/studenten;Leerlingen/studenten;Leerlingen/studenten;Leerlingen/studenten;Leerlingen/studenten;Leerlingen/studenten;Leerlingen/studenten;Leerlingen/studenten;Leerlingen/studenten;Leerlingen/studenten;Leerlingen/studenten;Leerlingen/studenten;Leerlingen/studenten;Leerlingen/studenten;Leerlingen/studenten;Leerlingen/studenten;Leerlingen/studenten;Leerlingen/studenten;Leerlingen/studenten;Leerlingen/studenten;Leerlingen/studenten;Leerlingen/studenten;Leerlingen/studenten;Leerlingen/studenten;Leerlingen/studenten;Leerlingen/studenten;Leerlingen/studenten;Leerlingen/studenten;Leerlingen/studenten;Leerlingen/studenten;Leerlingen/studenten;Leerlingen/studenten;Leerlingen/studenten;Leerlingen/studenten;Leerlingen/studenten;Leerlingen/studenten;Leerlingen/studenten;Leerlingen/studenten;Leerlingen/studenten;Leerlingen/studenten;Leerlingen/studenten;Leerlingen/studenten;Leerlingen/studenten;Leerlingen/studenten;Leerlingen/studenten;Leerlingen/studenten;Leerlingen/studenten;Leerlingen/studenten;Leerlingen/studenten;Leerlingen/studenten;Leerlingen/studenten;Leerlingen/studenten;Leerlingen/studenten;Leerlingen/studenten
Regiokenmerken;Aa en Hunze;Aalburg;Aalsmeer;Aalten;Achtkarspelen;Alblasserdam;Albrandswaard;Alkmaar;Almelo;Almere;Alphen aan den Rijn;Alphen-Chaam;Altena;Ameland;Amersfoort;Amstelveen;Amsterdam;Anna Paulowna;Apeldoorn;Appingedam;Arnhem;Assen;Asten;Baarle-Nassau;Baarn;Barendrecht;Barneveld;Bedum;Beek (L.);Beekdaelen;Beemster;Beesel;Bellingwedde;Berg en Dal;Bergambacht;Bergeijk;Bergen (L.);Bergen (NH.);Bergen op Zoom;Berkelland;Bernheze;Bernisse;Best;Beuningen;Beverwijk;het Bildt;De Bilt;Binnenmaas;Bladel;Blaricum;Bloemendaal;Boarnsterhim;Bodegraven-Reeuwijk;Boekel;Ten Boer;Borger-Odoorn;Borne;Borsele;Boskoop;Boxmeer;Boxtel;Breda;Brielle;Bronckhorst;Brummen;Brunssum;Bunnik;Bunschoten;Buren;Bussum;Capelle aan den IJssel;Castricum;Coevorden;Cranendonck;Cromstrijen;Cuijk;Culemborg;Dalfsen;Dantumadiel;Delft;Delfzijl;Deurne;Deventer;Diemen;Dijk en Waard;Dinkelland;Dirksland;Doesburg;Doetinchem;Dongen;Dongeradeel;Dordrecht;Drechterland;Drimmelen;Dronten;Druten;Duiven;Echt-Susteren;Edam-Volendam;Ede;Eemnes;Eemsdelta;Eemsmond;Eersel;Eijsden-Margraten;Eindhoven;Elburg;Emmen;Enkhuizen;Enschede;Epe;Ermelo;Etten-Leur;Ferwerderadiel;Franekeradeel;De Friese Meren;De Fryske Marren;Gaasterlân-Sleat;Geertruidenberg;Geldermalsen;Geldrop-Mierlo;Gemert-Bakel;Gennep;Giessenlanden;Gilze en Rijen;Goedereede;Goeree-Overflakkee;Goes;Goirle;Gooise Meren;Gorinchem;Gouda;Graafstroom;Graft-De Rijp;Grave;'s-Gravenhage (gemeente);Groesbeek;Groningen (gemeente);Grootegast;Gulpen-Wittem;Haaksbergen;Haaren;Haarlem;Haarlemmerliede en Spaarnwoude;Haarlemmermeer;Halderberge;Hardenberg;Harderwijk;Hardinxveld-Giessendam;Haren;Harenkarspel;Harlingen;Hattem;Heemskerk;Heemstede;Heerde;Heerenveen;Heerhugowaard;Heerlen;Heeze-Leende;Heiloo;Den Helder;Hellendoorn;Hellevoetsluis;Helmond;Hendrik-Ido-Ambacht;Hengelo (O.);'s-Hertogenbosch;Heumen;Heusden;Hillegom;Hilvarenbeek;Hilversum;Hoeksche Waard;Hof van Twente;Het Hogeland;Hollands Kroon;Hoogeveen;Hoogezand-Sappemeer;Hoorn;Horst aan de Maas;Houten;Huizen;Hulst;IJsselstein;Kaag en Braassem;Kampen;Kapelle;Katwijk;Kerkrade;Koggenland;Kollumerland en Nieuwkruisland;Korendijk;Krimpen aan den IJssel;Krimpenerwaard;Laarbeek;Land van Cuijk;Landerd;Landgraaf;Landsmeer;Langedijk;Lansingerland;Laren (NH.);Leek;Leerdam;Leeuwarden;Leeuwarderadeel;Leiden;Leiderdorp;Leidschendam-Voorburg;Lelystad;Lemsterland;Leudal;Leusden;Liesveld;Lingewaal;Lingewaard;Lisse;Littenseradiel;Lochem;Loon op Zand;Lopik;Loppersum;Losser;Maasdonk;Maasdriel;Maasgouw;Maashorst;Maassluis;Maastricht;De Marne;Marum;Medemblik;Meerssen;Meierijstad;Menameradiel;Menterwolde;Meppel;Middelburg (Z.);Middelharnis;Midden-Delfland;Midden-Drenthe;Midden-Groningen;Mill en Sint Hubert;Millingen aan de Rijn;Moerdijk;Molenlanden;Molenwaard;Montferland;Montfoort;Mook en Middelaar;Muiden;Naarden;Neder-Betuwe;Nederlek;Nederweert;Neerijnen;Niedorp;Nieuwegein;Nieuwkoop;Nieuw-Lekkerland;Nijkerk;Nijmegen;Nissewaard;Noardeast-Fryslân;Noord-Beveland;Noordenveld;Noordoostpolder;Noordwijk;Noordwijkerhout;Nuenen, Gerwen en Nederwetten;Nunspeet;Nuth;Oegstgeest;Oirschot;Oisterwijk;Oldambt;Oldebroek;Oldenzaal;Olst-Wijhe;Ommen;Onderbanken;Oost Gelre;Oosterhout;Oostflakkee;Ooststellingwerf;Oostzaan;Opmeer;Opsterland;Oss;Oud-Beijerland;Oude IJsselstreek;Ouder-Amstel;Ouderkerk;Oudewater;Overbetuwe;Papendrecht;Peel en Maas;Pekela;Pijnacker-Nootdorp;Purmerend;Putten;Raalte;Reimerswaal;Renkum;Renswoude;Reusel-De Mierden;Rheden;Rhenen;Ridderkerk;Rijnwaarden;Rijnwoude;Rijssen-Holten;Rijswijk (ZH.);Roerdalen;Roermond;De Ronde Venen;Roosendaal;Rotterdam;Rozendaal;Rucphen;Schagen;Schermer;Scherpenzeel;Schiedam;Schiermonnikoog;Schijndel;Schinnen;Schoonhoven;Schouwen-Duiveland;Simpelveld;Sint Anthonis;Sint-Michielsgestel;Sint-Oedenrode;Sittard-Geleen;Skarsterlân;Sliedrecht;Slochteren;Sluis;Smallingerland;Soest;Someren;Son en Breugel;Spijkenisse;Stadskanaal;Staphorst;Stede Broec;Steenbergen;Steenwijkerland;Stein (L.);Stichtse Vecht;Strijen;Súdwest-Fryslân;Terneuzen;Terschelling;Texel;Teylingen;Tholen;Tiel;Tilburg;Tubbergen;Twenterand;Tynaarlo;Tytsjerksteradiel;Ubbergen;Uden;Uitgeest;Uithoorn;Urk;Utrecht (gemeente);Utrechtse Heuvelrug;Vaals;Valkenburg aan de Geul;Valkenswaard;Veendam;Veenendaal;Veere;Veghel;Veldhoven;Velsen;Venlo;Venray;Vianen;Vijfheerenlanden;Vlaardingen;Vlagtwedde;Vlieland;Vlissingen;Vlist;Voerendaal;Voorne aan Zee;Voorschoten;Voorst;Vught;Waadhoeke;Waalre;Waalwijk;Waddinxveen;Wageningen;Wassenaar;Waterland;Weert;Weesp;Werkendam;West Betuwe;West Maas en Waal;Westerkwartier;Westerveld;Westervoort;Westerwolde;Westland;Weststellingwerf;Westvoorne;Wierden;Wieringen;Wieringermeer;Wijchen;Wijdemeren;Wijk bij Duurstede;Winsum;Winterswijk;Woensdrecht;Woerden;De Wolden;Wormerland;Woudenberg;Woudrichem;Zaanstad;Zaltbommel;Zandvoort;Zederik;Zeevang;Zeewolde;Zeist;Zevenaar;Zijpe;Zoetermeer;Zoeterwoude;Zuidhorn;Zuidplas;Zundert;Zutphen;Zwartewaterland;Zwijndrecht;Zwolle;"Gemeenten; niet in te delen"
Onderwijssoort;aantal;aantal;aantal;aantal;aantal;aantal;aantal;aantal;aantal;aantal;aantal;aantal;aantal;aantal;aantal;aantal;aantal;aantal;aantal;aantal;aantal;aantal;aantal;aantal;aantal;aantal;aantal;aantal;aantal;aantal;aantal;aantal;aantal;aantal;aantal;aantal;aantal;aantal;aantal;aantal;aantal;aantal;aantal;aantal;aantal;aantal;aantal;aantal;aantal;aantal;aantal;aantal;aantal;aantal;aantal;aantal;aantal;aantal;aantal;aantal;aantal;aantal;aantal;aantal;aantal;aantal;aantal;aantal;aantal;aantal;aantal;aantal;aantal;aantal;aantal;aantal;aantal;aantal;aantal;aantal;aantal;aantal;aantal;aantal;aantal;aantal;aantal;aantal;aantal;aantal;aantal;aantal;aantal;aantal;aantal;aantal;aantal;aantal;aantal;aantal;aantal;aantal;aantal;aantal;aantal;aantal;aantal;aantal;aantal;aantal;aantal;aantal;aantal;aantal;aantal;aantal;aantal;aantal;aantal;aantal;aantal;aantal;aantal;aantal;aantal;aantal;aantal;aantal;aantal;aantal;aantal;aantal;aantal;aantal;aantal;aantal;aantal;aantal;aantal;aantal;aantal;aantal;aantal;aantal;aantal;aantal;aantal;aantal;aantal;aantal;aantal;aantal;aantal;aantal;aantal;aantal;aantal;aantal;aantal;aantal;aantal;aantal;aantal;aantal;aantal;aantal;aantal;aantal;aantal;aantal;aantal;aantal;aantal;aantal;aantal;aantal;aantal;aantal;aantal;aantal;aantal;aantal;aantal;aantal;aantal;aantal;aantal;aantal;aantal;aantal;aantal;aantal;aantal;aantal;aantal;aantal;aantal;aantal;aantal;aantal;aantal;aantal;aantal;aantal;aantal;aantal;aantal;aantal;aantal;aantal;aantal;aantal;aantal;aantal;aantal;aantal;aantal;aantal;aantal;aantal;aantal;aantal;aantal;aantal;aantal;aantal;aantal;aantal;aantal;aantal;aantal;aantal;aantal;aantal;aantal;aantal;aantal;aantal;aantal;aantal;aantal;aantal;aantal;aantal;aantal;aantal;aantal;aantal;aantal;aantal;aantal;aantal;aantal;aantal;aantal;aantal;aantal;aantal;aantal;aantal;aantal;aantal;aantal;aantal;aantal;aantal;aantal;aantal;aantal;aantal;aantal;aantal;aantal;aantal;aantal;aantal;aantal;aantal;aantal;aantal;aantal;aantal;aantal;aantal;aantal;aantal;aantal;aantal;aantal;aantal;aantal;aantal;aantal;aantal;aantal;aantal;aantal;aantal;aantal;aantal;aantal;aantal;aantal;aantal;aantal;aantal;aantal;aantal;aantal;aantal;aantal;aantal;aantal;aantal;aantal;aantal;aantal;aantal;aantal;aantal;aantal;aantal;aantal;aantal;aantal;aantal;aantal;aantal;aantal;aantal;aantal;aantal;aantal;aantal;aantal;aantal;aantal;aantal;aantal;aantal;aantal;aantal;aantal;aantal;aantal;aantal;aantal;aantal;aantal;aantal;aantal;aantal;aantal;aantal;aantal;aantal;aantal;aantal;aantal;aantal;aantal;aantal;aantal;aantal;aantal;aantal;aantal;aantal;aantal;aantal;aantal;aantal;aantal;aantal;aantal;aantal;aantal;aantal;aantal;aantal;aantal;aantal;aantal;aantal;aantal;aantal;aantal;aantal;aantal;aantal;aantal;aantal;aantal;aantal;aantal;aantal;aantal;aantal;aantal;aantal;aantal;aantal;aantal;aantal;aantal;aantal;aantal;aantal;aantal;aantal;aantal;aantal;aantal;aantal;aantal;aantal;aantal;aantal;aantal;aantal;aantal;aantal;aantal;aantal;aantal;aantal;aantal;aantal;aantal;aantal;aantal;aantal;aantal;aantal;aantal;aantal;aantal;aantal;aantal;aantal;aantal;aantal;aantal;aantal;aantal;aantal
Totaal (speciaal) basisonderwijs;2220;1390;3410;2610;2920;2140;2690;8020;7000;21460;6850;840;;360;16350;6990;62420;;14290;980;13050;6770;1570;400;2170;5420;6260;960;1140;;760;1200;650;;1040;1620;1060;2210;5430;4120;2960;950;2780;2250;3650;1110;3990;2630;1840;820;2180;2040;3330;1060;810;2130;2160;2230;1510;2530;2960;15680;1340;3320;1770;2130;1540;2170;2440;3520;5780;2930;3300;1550;1090;2170;2830;2870;1810;6460;2060;2620;9440;2000;;2680;;950;5110;2290;2370;10390;1830;2240;4010;1800;2360;2270;3050;11120;930;;1460;1510;1790;17420;2330;9480;1630;13300;2740;2140;4010;940;1960;;;910;1940;2710;3480;2670;1500;1420;2450;;4650;2980;2100;;3250;6810;;570;1140;46340;1420;12460;1340;900;2320;1190;13680;460;15780;2440;6270;4590;1920;1620;;1410;1200;3300;2710;1660;3870;5550;5970;1320;2110;4560;3610;3410;9070;3210;7560;12380;1480;3950;1880;1440;7930;;3280;;4570;5300;2960;6730;3760;5820;3820;1960;3780;2390;5580;1350;6520;3020;2260;1280;1060;2840;;2040;;1390;2620;910;2700;6980;970;1900;2040;7690;920;8710;2410;6050;7960;1420;2850;2830;;1080;4570;2040;1160;2930;2030;1560;920;2100;1010;2350;1640;;2780;6720;910;980;4260;1490;;1320;1070;3330;4210;;1800;3030;;980;530;3360;;3390;2950;1510;690;650;2040;2610;1150;1310;1380;;5220;2520;;4310;12060;;;560;2770;4910;2050;1380;1920;2770;1100;2270;1620;2280;3170;2330;3150;1750;1660;580;2830;4580;;2220;830;1150;2970;7410;2350;3560;1320;840;970;4770;3040;3740;1010;6480;6900;2390;3440;2550;2690;580;1120;3460;2040;3430;960;1790;4310;3290;1530;4510;4070;6500;51810;180;1500;4340;560;990;6520;70;2050;1000;1170;2770;790;1040;2700;1640;6600;2740;2400;1500;1570;5150;4340;1550;1600;6060;2820;2120;2020;1910;3970;1840;6070;690;8050;4170;370;1090;3550;2650;4040;17630;2290;3700;3070;3190;780;3860;1330;2760;2980;29090;4470;470;1120;2330;2390;6640;1830;3480;3770;5640;8270;3810;1930;;5780;1360;100;3600;940;910;;2410;2020;2380;;1560;3960;2320;2630;2010;1600;3770;1580;2720;;1560;;1610;1270;;9900;2230;1120;2390;;;3960;2110;2210;1420;2750;1620;5280;2170;1390;1370;1430;13950;3050;1200;1400;570;2460;5800;2710;;11320;660;2070;3980;1510;4520;2640;3800;12100;3990
Basisonderwijs;2170;1340;3340;2530;2820;2090;2670;7860;6750;20730;6740;830;;360;15800;6810;61290;;13860;950;12640;6520;1520;400;2120;5360;6060;940;1110;;740;1160;630;;1020;1580;1020;2190;5330;4020;2910;930;2750;2160;3610;1080;3930;2580;1800;810;2160;2000;3260;1030;800;2080;2100;2170;1490;2470;2860;15390;1320;3270;1720;2070;1510;2120;2400;3470;5590;2910;3230;1530;1070;2110;2750;2800;1760;6300;2000;2530;9200;1970;;2640;;910;4930;2220;2260;10140;1770;2180;3900;1750;2310;2200;2960;10850;900;;1410;1480;1730;16940;2260;9240;1570;12800;2660;2100;3920;910;1880;;;890;1900;2670;3350;2600;1440;1390;2400;;4510;2870;2050;;3160;6630;;570;1120;45270;1380;12080;1310;850;2270;1170;13300;440;15380;2380;6090;4480;1880;1610;;1340;1160;3270;2690;1640;3810;5460;5760;1290;2100;4460;3520;3340;8800;3130;7330;12210;1440;3850;1820;1420;7680;;3210;;4510;5120;2850;6480;3680;5670;3700;1900;3650;2370;5420;1320;6370;2910;2200;1230;1050;2750;;1990;;1370;2520;900;2680;6910;970;1830;2000;7460;900;8520;2380;5930;7710;1390;2760;2780;;1070;4450;2010;1130;2880;1970;1500;910;2050;1000;2290;1580;;2710;6430;890;950;4130;1450;;1280;1040;3230;4120;;1780;2970;;960;520;3240;;3350;2850;1480;670;640;2010;2530;1120;1280;1360;;4990;2500;;4200;11670;;;550;2720;4820;2030;1360;1880;2700;1080;2250;1590;2230;3090;2300;3080;1710;1630;570;2730;4430;;2140;820;1120;2950;7190;2260;3450;1300;820;950;4650;2960;3690;970;6380;6650;2340;3330;2490;2630;570;1090;3350;1990;3360;930;1770;4190;3190;1490;4320;4030;6350;50530;170;1470;4290;560;960;6380;70;1990;970;1150;2710;780;1010;2660;1610;6340;2690;2330;1470;1540;4970;4240;1490;1570;5870;2690;2090;1940;1880;3880;1800;5970;660;7750;4010;370;1070;3490;2600;3900;16930;2260;3580;3020;3100;760;3740;1330;2700;2910;28560;4410;460;1070;2290;2320;6480;1800;3350;3710;5470;8030;3700;1850;;5660;1320;100;3490;920;890;;2370;1980;2340;;1550;3870;2260;2580;1990;1560;3670;1540;2670;;1510;;1580;1240;;9610;2160;1100;2340;;;3830;2050;2160;1390;2650;1590;5180;2130;1370;1330;1410;13730;2990;1180;1380;550;2390;5630;2620;;10990;650;2010;3920;1470;4390;2600;3680;11700;3870
Speciaal basisonderwijs;60;50;70;90;100;50;20;160;250;740;110;10;;0;540;180;1130;;430;30;420;250;50;0;60;70;200;20;30;;20;40;20;;20;50;40;20;110;100;50;30;30;90;40;30;60;50;40;10;20;40;70;30;10;50;60;60;20;70;100;290;20;60;50;50;30;50;40;50;190;20;70;20;30;60;80;70;50;160;50;90;250;30;;50;;40;190;70;100;250;60;60;110;50;50;60;90;270;20;;50;20;50;480;60;240;60;500;80;40;90;30;90;;;30;40;30;130;70;70;40;60;;150;100;50;;80;190;;0;20;1070;40;380;40;50;50;20;370;10;400;50;180;110;40;10;;60;40;40;20;20;60;90;220;30;10;100;90;70;280;70;230;170;40;90;60;20;250;;70;;70;180;110;250;80;140;120;60;130;30;160;30;150;110;60;50;10;90;;50;;20;110;10;20;80;10;80;40;240;20;190;30;120;240;20;90;40;;10;120;30;30;50;60;60;20;60;20;50;50;;70;290;30;30;130;40;;40;20;100;90;;20;60;;20;10;130;;50;100;30;20;10;30;80;30;30;20;;240;20;;110;400;;;10;60;90;20;30;30;70;30;20;20;50;90;40;80;40;40;10;100;150;;80;10;20;30;230;100;110;30;20;20;120;70;50;30;100;250;50;120;60;60;10;30;110;50;70;20;20;120;100;50;190;50;150;1280;0;40;60;0;30;140;0;60;30;20;60;20;30;40;30;260;50;70;30;20;190;100;60;30;200;130;40;80;30;90;40;100;30;300;160;0;20;50;50;140;700;40;130;50;90;20;120;10;60;70;530;70;10;50;50;70;160;30;130;60;170;240;100;80;;120;40;0;120;20;20;;30;40;40;;20;100;60;50;20;40;100;40;50;;50;;30;40;;280;70;10;40;;;130;70;50;30;100;40;100;40;20;40;20;220;60;20;20;20;70;160;100;;330;0;50;70;40;130;50;130;400;120
Totaal (voortgezet) speciaal onderwijs ;80;40;80;100;140;50;80;340;590;830;380;40;;10;740;180;2780;;890;40;780;260;60;20;80;200;240;30;60;;40;80;30;;20;80;60;90;280;340;120;50;130;120;180;50;130;70;60;30;50;50;90;40;30;70;120;120;50;120;250;770;60;170;150;150;50;90;120;70;330;110;70;80;20;120;100;110;80;250;70;180;580;70;;80;;60;300;100;90;490;40;100;340;100;110;120;60;550;30;;60;80;160;1080;140;310;60;870;130;310;230;30;70;;;40;90;100;200;150;90;40;110;;110;180;100;;100;260;;20;70;1770;110;570;60;50;100;70;440;20;410;120;220;250;40;50;;60;50;180;60;80;150;360;560;60;50;220;190;200;580;80;630;650;70;150;80;50;280;;150;;150;210;120;270;180;230;130;70;130;90;360;60;350;240;70;30;30;130;;90;;100;200;30;80;170;20;50;70;400;50;360;110;270;650;40;270;110;;40;190;80;40;200;80;60;30;120;50;130;120;;120;600;30;40;140;90;;40;70;150;220;;30;90;;30;20;130;;90;200;50;30;10;30;100;30;80;50;;240;110;;170;800;;;20;80;370;110;70;80;150;80;70;50;140;150;110;150;70;60;50;220;280;;90;30;40;140;470;50;170;40;40;30;350;100;200;50;200;310;100;170;90;260;30;40;190;70;150;60;70;190;140;90;310;100;340;2780;10;80;150;20;30;310;0;100;50;30;90;80;50;110;80;520;70;80;40;40;390;230;80;80;390;130;60;70;90;190;170;190;30;240;180;0;30;220;140;290;860;60;200;80;120;50;200;50;90;170;1180;190;30;70;130;100;300;60;190;220;290;570;190;70;;250;50;0;140;30;50;;70;200;100;;70;140;100;100;70;40;260;50;90;;80;;40;90;;300;100;90;90;;;210;50;90;40;100;90;160;80;60;50;40;550;110;30;30;20;180;480;140;;480;30;60;150;120;320;120;150;730;200
Speciaal onderwijs;30;10;30;40;80;30;50;170;250;220;140;20;;0;390;90;1300;;230;20;350;100;20;10;40;100;90;10;20;;10;30;20;;10;30;30;40;130;80;50;20;50;60;90;20;60;30;20;10;30;30;60;10;20;30;60;60;30;50;90;370;20;70;40;80;20;50;50;30;150;50;30;40;10;60;50;40;30;130;40;50;210;30;;30;;20;130;50;40;240;10;50;150;40;50;60;30;230;20;;40;30;40;430;50;130;20;370;50;60;140;10;40;;;10;50;40;80;50;30;20;50;;60;60;40;;40;140;;10;40;890;40;250;30;20;50;20;220;10;190;70;70;130;20;20;;30;20;90;40;30;70;130;300;30;30;90;90;110;230;50;310;280;40;60;40;20;130;;70;;70;80;60;120;80;100;60;20;50;40;160;30;210;120;30;20;10;60;;40;;60;80;20;40;100;10;30;30;200;20;180;50;100;260;20;130;50;;20;90;40;20;30;40;30;20;60;20;50;50;;60;290;20;20;50;30;;30;20;60;100;;20;30;;10;20;70;;50;90;20;10;0;20;60;10;40;20;;110;50;;90;390;;;10;30;170;40;40;30;70;40;40;10;70;80;60;70;20;20;20;30;170;;30;10;20;70;250;20;70;20;20;20;110;40;100;20;100;140;50;80;40;90;20;10;80;30;70;30;30;90;60;50;160;40;180;1360;0;40;70;10;20;170;0;50;20;10;40;40;20;50;40;250;30;30;10;10;160;100;20;30;150;70;30;20;50;80;80;90;10;110;70;0;10;60;80;130;440;40;90;30;70;30;100;20;30;100;630;60;10;40;50;40;150;20;100;90;120;260;90;20;;120;20;0;60;20;30;;30;40;40;;30;70;60;50;30;10;110;20;40;;30;;20;30;;130;40;80;50;;;110;20;40;20;20;40;80;20;20;30;30;250;40;20;20;10;80;180;60;;230;20;30;80;70;140;40;80;270;80
Voortgezet speciaal ondewijs ;50;20;40;70;60;30;30;170;350;610;240;30;;10;340;80;1470;;660;10;430;160;50;10;40;100;140;20;40;;30;50;10;;10;50;30;50;150;260;70;30;80;60;90;20;70;40;50;20;20;20;40;20;20;30;60;60;20;70;170;400;40;100;110;70;30;40;60;40;180;50;40;50;10;60;50;70;50;120;20;130;370;30;;50;;40;170;50;50;250;30;50;190;60;60;60;30;310;20;;20;50;120;660;90;180;40;500;80;250;100;10;40;;;30;40;50;120;100;50;20;50;;50;110;60;;50;120;;10;30;880;70;320;30;30;50;50;220;10;220;50;150;120;20;30;;30;30;90;20;60;80;230;260;40;30;140;100;100;350;40;310;370;30;90;50;30;150;;80;;80;130;70;150;100;130;80;60;70;50;200;30;140;120;50;20;10;60;;50;;40;120;20;40;70;10;30;30;210;20;180;60;180;390;20;130;50;;20;100;40;10;170;40;30;10;60;30;80;70;;60;310;10;20;90;60;;10;50;100;120;;20;60;;20;10;70;;40;110;30;20;10;20;50;20;40;30;;130;60;;80;420;;;20;50;200;60;30;50;80;40;30;30;60;70;60;80;50;50;30;200;100;;50;10;20;70;230;30;100;20;20;10;230;50;100;30;100;170;50;90;50;180;10;30;110;40;80;40;40;100;80;50;150;70;160;1430;0;40;80;10;20;140;0;50;30;20;60;50;30;60;40;270;40;50;20;30;230;130;60;50;230;70;30;50;40;110;90;100;10;130;120;0;20;160;70;160;410;30;100;50;50;20;100;30;60;70;550;140;20;30;80;60;160;40;90;130;170;310;100;50;;120;20;0;80;10;20;;40;160;60;;40;70;40;50;40;20;160;30;50;;50;;20;60;;180;60;20;40;;;100;30;50;20;80;50;80;60;40;30;10;300;60;10;20;20;100;300;80;;250;20;30;70;50;180;70;70;460;110
Totaal voortgezet onderwijs;1620;890;1890;1660;1730;1260;1550;4920;4340;13100;4540;570;;220;9710;4650;34770;;9090;650;7570;4160;970;270;1460;3280;3850;700;940;;570;770;470;;670;1120;800;1820;3870;2720;2090;750;1980;1730;2180;630;2930;1560;1230;640;1840;1250;2240;700;550;1670;1370;1500;1070;1920;1760;9730;940;2400;1360;1440;960;1360;1680;2350;3680;2420;2270;970;750;1600;1920;1770;1200;4290;1480;1840;5690;1450;;1820;;760;3490;1590;1460;6770;1360;1580;2690;1290;2060;1500;1850;7120;660;;990;1100;1520;10430;1440;6540;990;8290;2010;1550;2330;580;1340;;;600;1170;1930;2320;1670;970;1000;1630;;2920;2300;1360;;2270;4380;;470;800;26050;1080;7550;800;760;1560;970;7870;400;9580;1680;3980;2780;1150;1360;;1010;780;2290;1800;1150;2620;3380;4040;910;1560;3040;2110;2180;5380;1830;4860;7540;1280;2740;1200;990;5080;;2200;;3090;3250;1930;4410;2680;3400;2600;1540;2380;1620;3310;840;3750;1900;1550;780;710;1780;;1340;;970;1870;700;1920;4000;710;1280;1300;4510;640;5620;1760;3600;4440;850;2070;1880;;720;2980;1320;780;2140;1360;1060;600;1300;780;1490;1280;;1710;4950;550;730;2800;1180;;870;690;2000;2880;;1410;2090;;710;360;2190;;2200;2150;950;560;450;1350;1630;880;950;790;;3320;1680;;2620;7870;;;400;2000;3170;1420;1090;1520;1700;810;1710;1180;1630;2030;1430;1940;1160;1020;470;1930;3280;;1640;620;750;2030;5230;1610;2420;880;530;670;3390;1970;2550;740;3680;4690;1510;2300;1380;1830;340;660;2540;1200;2330;660;1160;2540;2050;1060;2950;2980;4360;29910;120;1100;2880;370;680;4200;60;1450;740;770;1920;530;840;1970;1190;5000;1800;1390;1050;1110;3430;2910;1150;1130;3770;1900;1300;1420;1280;2820;1220;3910;550;5440;2880;260;990;2580;1660;2710;10890;1570;2180;2280;2010;580;2390;940;1980;1640;13950;3240;360;840;1680;1630;4160;1460;2490;2540;4430;5270;2760;1150;;3710;840;60;2160;660;730;;1570;1350;1670;;1160;2640;1630;1800;1550;1000;2580;970;1650;;1200;;1180;900;;6220;1480;820;1570;;;2680;1500;1620;960;1770;1130;3440;1590;1040;860;930;8650;1850;790;910;450;1830;3780;1820;;7300;530;1360;2740;1290;3040;1640;2440;6580;2100
Vo algemene leerjaren 1-3;670;440;890;700;730;540;690;2050;1870;6040;1910;260;;90;4220;1950;14960;;3790;290;3160;1780;480;120;600;1460;1690;290;400;;240;330;190;;300;440;350;710;1690;1210;890;310;850;720;940;290;1230;700;500;260;670;570;940;310;240;670;550;660;470;770;750;4090;400;1010;550;600;390;590;740;920;1510;920;1020;430;330;670;800;800;560;1700;600;740;2600;590;;750;;320;1400;660;690;2850;580;650;1120;540;820;600;790;3010;290;;420;430;610;4420;650;2680;410;3480;840;610;980;280;560;;;270;520;880;1010;710;410;440;740;;1270;950;550;;970;1820;;220;350;11330;470;3080;360;300;660;380;3270;170;4250;680;1740;1200;570;520;;430;300;960;670;490;1090;1440;1730;360;580;1290;920;860;2420;790;2030;3150;510;1050;530;440;2050;;980;;1430;1460;820;1910;1130;1410;1050;590;1100;720;1490;330;1640;820;650;330;320;770;;560;;410;790;270;790;1710;280;510;550;1890;270;2280;730;1470;1950;390;880;780;;310;1290;550;350;860;590;470;270;560;310;630;530;;740;1960;230;310;1240;450;;360;280;880;1190;;550;980;;310;170;940;;970;950;380;210;180;510;720;400;390;390;;1520;740;;1130;3180;;;180;810;1440;530;430;580;780;320;650;490;740;850;690;800;500;450;200;950;1360;;690;260;310;840;2190;700;1050;380;220;270;1370;850;1000;340;1630;2050;640;980;650;720;170;270;1090;490;970;280;450;1130;830;440;1230;1260;1750;13140;40;460;1160;150;310;1730;30;620;290;320;810;210;340;830;490;1910;840;640;460;440;1480;1200;530;440;1560;820;650;570;560;1200;500;1580;220;2320;1200;110;430;1010;720;1170;5010;700;970;950;850;250;990;370;770;770;6290;1360;150;350;700;700;1840;610;1010;1080;1810;2190;1170;520;;1680;380;30;910;280;300;;590;590;620;;450;1110;650;700;580;400;1040;400;710;;520;;520;370;;2650;640;340;640;;;1140;620;710;400;750;480;1460;690;470;370;400;3680;800;340;400;170;810;1610;770;;3200;230;590;1140;510;1220;750;1050;2800;830
Vwo 3-6;260;100;330;190;190;170;260;860;580;1590;810;90;;10;1830;1270;6660;;1480;80;1320;590;140;30;300;530;520;140;210;;110;120;50;;100;180;90;440;620;320;360;100;360;300;280;50;840;260;180;210;700;190;380;80;70;190;270;210;200;320;350;1880;140;360;180;220;270;140;240;750;630;490;270;160;120;220;440;240;120;930;130;280;900;360;;250;;120;540;280;130;1030;180;250;390;240;310;330;350;1240;120;;120;200;330;1850;180;810;150;1050;300;290;280;60;170;;;50;150;370;420;240;120;160;240;;330;400;260;;400;870;;60;100;4160;200;1520;80;180;250;200;1680;80;1640;270;370;440;120;420;;110;150;370;630;180;400;450;600;180;370;320;300;340;710;300;750;1380;280;480;200;180;1140;;300;;300;310;230;610;410;870;550;210;480;310;430;160;490;270;200;80;110;300;;180;;110;250;160;340;810;220;170;180;680;90;1440;430;900;560;120;310;370;;130;490;230;100;470;220;160;80;180;120;220;230;;240;1090;80;80;330;290;;110;60;310;490;;310;250;;60;30;310;;310;330;150;130;120;410;140;100;150;100;;580;250;;350;1680;;;50;340;380;330;230;370;230;170;640;160;280;210;190;310;180;150;70;210;630;;250;120;90;260;750;330;300;240;80;110;650;280;410;60;740;590;210;390;110;490;30;90;490;170;330;80;190;330;410;190;480;610;750;3740;50;120;390;50;70;650;0;240;170;140;240;110;130;450;230;1090;220;170;150;160;470;560;160;240;430;160;130;190;180;360;250;810;120;770;360;30;110;550;170;350;1540;220;220;490;260;100;270;180;360;110;2690;750;60;180;270;190;540;220;390;510;780;760;420;180;;520;80;10;270;110;170;;470;210;510;;310;440;310;590;570;240;410;200;230;;190;;180;120;;960;150;150;280;;;420;310;260;160;200;160;640;210;120;130;160;1070;280;150;140;70;370;940;280;;1100;100;250;500;200;540;190;320;1250;360
Havo 3-5;280;120;310;310;280;210;240;770;710;1690;890;120;;20;1540;760;4550;;1430;100;1280;660;130;50;270;550;660;110;170;;90;130;50;;100;190;100;330;660;420;370;140;330;330;320;70;490;250;190;110;280;190;400;130;90;260;250;260;180;350;310;1700;140;420;250;240;170;270;290;400;600;520;370;150;130;290;290;290;140;700;260;290;810;220;;340;;100;650;270;170;970;250;220;470;210;430;270;350;1130;130;;160;190;320;1710;200;940;150;1320;340;250;510;70;260;;;70;150;280;380;300;150;160;250;;510;440;270;;360;720;;100;160;3930;190;1120;100;150;270;170;1200;70;1710;320;670;480;140;240;;160;140;340;320;180;400;560;660;170;350;510;400;350;820;310;780;1300;260;450;190;190;930;;350;;500;480;260;720;420;590;500;250;300;270;490;170;550;300;270;120;120;270;;250;;170;310;120;330;700;120;200;170;750;110;870;260;600;600;120;350;380;;110;560;230;130;330;240;180;100;190;130;220;230;;280;860;80;90;470;230;;170;90;320;490;;280;300;;140;70;390;;340;270;170;120;80;260;260;150;140;90;;460;300;;410;1330;;;80;360;550;260;200;290;250;150;280;210;260;300;190;330;200;180;100;220;530;;300;120;140;320;820;290;370;150;100;120;630;310;560;70;630;780;240;400;200;330;40;100;380;220;430;90;230;420;360;190;470;550;800;3650;20;190;530;80;110;580;10;220;140;140;310;90;170;290;200;880;250;210;150;220;520;510;160;220;620;300;190;210;210;470;210;740;70;910;430;50;190;510;270;440;1700;260;300;350;350;120;430;170;400;210;1850;550;70;140;260;220;760;270;430;390;680;850;420;160;;530;120;10;360;110;110;;270;210;270;;200;420;260;250;230;160;460;130;260;;190;;210;180;;1010;220;140;290;;;490;260;260;170;340;190;610;240;180;170;150;1260;270;120;150;90;280;620;350;;1020;100;190;460;240;510;240;400;1040;380
Vmbo-g/t 3-4;200;130;210;220;260;160;210;500;420;1570;470;70;;70;1100;370;3150;;1150;60;750;500;100;40;170;380;450;80;80;;60;110;80;;70;150;110;190;450;290;220;100;250;200;290;100;200;180;180;40;120;150;230;90;60;260;130;170;120;270;130;1130;150;300;170;160;90;150;200;180;430;270;290;140;100;210;140;220;210;370;160;250;530;130;;190;;90;380;200;250;930;120;230;300;140;290;170;170;860;60;;120;140;150;1180;180;810;120;950;250;200;260;70;190;;;90;160;220;290;200;120;110;180;;400;220;160;;240;420;;40;90;2660;80;720;110;70;160;120;820;50;1100;180;510;300;160;100;;120;80;280;130;150;290;400;430;110;130;360;250;260;750;210;580;830;130;390;130;100;490;;270;;400;430;250;470;320;270;260;210;240;190;400;70;510;170;200;120;90;240;;200;;160;250;100;230;480;50;200;170;500;90;470;190;330;480;100;280;200;;90;270;160;120;270;190;110;70;210;120;190;160;;170;470;70;90;310;120;;120;100;240;310;;170;270;;110;40;270;;300;260;120;50;40;100;240;130;160;100;;330;210;;300;720;;;30;230;430;160;120;180;190;100;100;160;200;270;180;200;140;100;40;250;400;;180;70;100;280;680;140;350;60;60;80;340;260;350;100;380;560;190;260;180;160;50;110;300;150;280;80;160;290;210;130;420;290;470;3750;0;140;350;50;90;460;20;130;70;70;310;60;90;220;120;570;240;200;150;150;410;360;140;160;510;230;170;190;170;340;120;450;70;710;300;50;110;310;260;350;1380;180;270;240;270;50;330;120;200;250;1290;320;30;100;200;190;510;170;250;270;630;590;310;120;;440;90;10;300;70;80;;140;200;150;;120;370;200;130;100;110;330;100;220;;130;;140;90;;950;230;100;200;;;310;190;220;130;270;150;340;200;110;110;120;990;240;120;80;60;190;280;180;;990;60;170;330;180;350;230;280;640;230
Vmbo-b/k 3-4;170;90;120;180;210;140;130;590;570;1700;330;40;;30;690;220;4150;;950;90;800;480;90;20;80;310;460;50;70;;50;70;70;;70;140;120;130;370;350;200;90;180;160;270;110;150;140;160;20;40;140;220;80;70;240;130;180;100;170;160;740;90;240;150;170;40;180;210;80;360;180;250;80;70;180;200;190;110;430;250;240;680;150;;240;;100;380;160;160;700;190;190;320;130;160;120;170;670;50;;130;120;100;1040;210;1010;110;1160;230;150;230;70;140;;;100;140;150;200;190;140;120;180;;370;240;100;;210;360;;40;80;2820;120;770;110;60;170;70;680;30;670;200;550;280;140;70;;170;80;280;50;120;380;410;460;80;100;400;200;290;470;190;550;650;90;290;120;80;360;;240;;370;430;270;540;340;230;190;200;210;110;380;90;450;260;180;90;70;180;;120;;110;210;40;190;260;30;150;180;500;70;410;110;250;620;100;200;110;;80;320;130;70;160;100;130;60;120;90;180;110;;230;440;60;130;360;70;;90;120;210;330;;90;250;;90;50;220;;240;260;110;50;20;60;220;80;90;100;;330;160;;300;740;;;60;200;300;110;100;90;210;70;40;160;120;280;160;240;120;100;50;220;270;;170;50;90;250;600;140;260;40;50;80;340;200;200;120;240;550;190;210;200;90;40;70;210;130;260;100;110;330;180;100;260;230;430;4100;0;150;390;40;80;560;0;170;60;80;210;40;100;140;130;450;220;120;120;120;410;210;130;60;530;290;150;190;140;360;120;270;70;590;500;20;120;150;210;320;1030;190;320;210;200;40;280;90;200;260;1390;200;40;50;200;240;390;170;270;270;490;720;350;130;;400;140;0;250;60;50;;80;120;90;;70;240;170;80;60;70;280;120;190;;150;;110;100;;560;220;70;140;;;270;100;150;70;170;140;320;210;140;60;90;1340;210;60;110;50;130;260;170;;770;40;140;230;130;250;190;330;660;210
Praktijkonderwijs;40;20;40;60;70;40;30;150;190;510;120;0;;10;340;90;1300;;290;30;260;150;30;10;30;40;70;20;10;;20;10;30;;20;30;30;30;100;130;50;10;20;30;70;10;40;20;30;0;30;20;60;10;20;60;60;30;10;50;70;200;20;80;60;40;10;40;20;20;160;30;70;20;10;30;50;30;60;160;80;50;170;20;;50;;40;140;20;70;290;30;30;90;20;50;20;20;210;10;;40;30;20;240;20;290;40;340;50;40;60;30;30;;;30;40;30;40;40;30;20;40;;50;60;20;;90;190;;20;20;1140;20;320;30;10;40;30;220;10;210;40;130;80;20;10;;20;20;60;10;30;70;120;160;20;20;160;40;70;220;30;170;240;10;70;30;10;110;;60;;90;150;120;150;60;40;50;70;40;30;120;20;110;100;50;40;10;30;;30;;20;60;10;40;50;10;40;60;200;20;160;30;60;230;20;50;40;;10;50;30;20;60;20;20;20;50;20;50;20;;40;140;30;30;100;20;;20;40;50;70;;10;60;;10;10;50;;40;80;20;10;10;10;60;20;30;20;;100;20;;120;220;;;10;50;80;30;20;10;30;10;10;10;30;120;30;60;30;40;10;80;90;;40;10;20;80;190;10;100;10;20;10;60;60;40;50;60;170;50;60;30;40;10;10;80;40;60;30;10;50;70;20;90;40;150;1530;0;40;70;10;10;220;0;80;10;20;40;20;10;30;30;100;40;50;30;20;140;80;30;20;120;110;20;60;20;90;30;50;10;150;100;0;30;40;40;80;220;20;100;50;90;10;80;20;50;40;430;60;20;10;50;90;120;20;140;30;60;170;80;40;;130;30;0;70;20;10;;20;40;30;;20;60;40;60;10;10;70;30;40;;20;;30;30;;90;30;10;30;;;60;20;30;30;50;20;70;40;20;20;20;320;60;20;30;10;40;70;70;;230;10;30;80;30;180;40;70;200;80
Totaal vavo;10;10;50;20;20;10;20;80;50;170;70;10;;0;150;140;870;;130;10;180;30;0;0;30;50;30;10;20;;10;10;10;;0;10;10;30;60;20;10;10;10;20;40;10;40;20;10;0;30;10;30;0;10;10;10;10;10;10;10;120;10;40;20;20;10;10;30;20;80;30;0;10;10;10;20;20;10;60;0;20;80;30;;10;;20;80;20;10;110;10;10;30;20;20;10;10;120;10;;10;10;30;210;20;20;10;160;20;40;20;10;10;;;0;10;20;40;10;0;10;10;;10;20;20;;20;100;;10;10;450;10;240;10;10;20;10;230;10;220;10;30;70;10;20;;10;10;60;40;20;20;50;70;10;20;60;20;10;50;20;80;150;20;30;20;10;40;;10;;30;20;20;60;10;30;10;20;30;20;30;0;50;30;20;10;0;20;;10;;10;20;0;30;50;0;10;10;100;10;100;30;70;40;10;20;40;;10;30;20;10;30;20;10;10;10;10;10;10;;10;180;0;0;20;10;;10;0;30;50;;10;10;;10;0;20;;20;30;10;10;0;10;20;10;10;10;;40;10;;20;120;;;0;20;40;20;10;20;20;10;30;0;10;20;30;20;10;10;0;20;40;;10;10;20;10;40;20;30;20;0;10;40;20;30;10;30;80;30;10;10;40;0;0;50;10;40;0;10;10;40;10;50;50;70;650;0;10;40;0;0;80;0;10;0;10;10;0;10;20;10;70;20;10;10;10;30;40;0;10;50;10;10;0;20;20;10;30;10;40;60;0;0;40;10;70;190;0;10;20;10;10;20;10;50;20;230;40;10;20;30;10;50;10;10;40;100;80;20;10;;50;0;0;30;10;10;;20;20;30;;20;50;30;40;20;10;20;0;0;;10;;10;20;;60;10;0;10;;;20;10;10;10;20;10;40;20;10;10;10;140;10;30;0;10;40;50;20;;110;10;10;40;10;60;20;20;170;40
Vavo vwo;0;0;20;10;0;0;10;20;10;40;20;0;;0;40;40;280;;30;0;50;10;0;0;10;20;10;0;10;;0;0;0;;0;0;0;10;20;10;0;0;0;10;10;0;10;0;0;0;10;0;10;0;0;0;0;0;0;0;0;30;0;10;0;0;10;0;10;0;20;10;0;0;0;0;10;10;0;10;0;10;20;10;;0;;0;20;0;0;30;0;0;10;0;10;0;0;20;0;;0;0;0;40;10;10;0;30;0;10;10;0;0;;;0;0;0;10;0;0;0;0;;0;10;0;;10;30;;0;0;120;0;90;0;0;0;0;50;0;40;0;0;20;0;10;;0;0;10;10;10;0;0;10;0;0;10;0;0;10;10;20;30;0;0;10;0;10;;0;;0;0;0;20;0;10;0;0;10;0;10;0;10;0;10;0;0;0;;0;;0;0;0;10;10;0;0;0;20;0;20;10;10;10;0;0;10;;0;10;10;0;0;0;0;0;0;0;0;0;;0;30;0;0;0;0;;0;0;10;10;;0;10;;0;0;10;;10;0;0;0;0;0;0;0;0;0;;10;0;;10;30;;;0;0;10;10;0;10;0;0;10;0;0;0;10;10;0;0;0;10;10;;0;0;0;0;10;10;10;10;0;0;10;10;10;0;10;20;10;0;10;10;0;0;20;0;10;0;0;0;10;0;10;20;20;140;0;0;10;0;0;20;0;10;0;0;0;0;0;0;0;10;0;0;0;0;10;10;0;0;10;0;0;0;10;10;0;10;0;10;10;0;0;10;0;10;30;0;0;10;0;0;10;0;10;10;60;10;0;10;10;0;10;0;0;10;20;20;10;0;;10;0;0;10;0;0;;10;10;10;;0;10;0;10;10;0;10;0;0;;0;;10;0;;10;0;0;10;;;0;0;0;0;10;0;10;0;0;0;0;40;0;0;0;0;10;10;10;;20;0;0;10;0;20;0;0;60;10
Vavo havo;10;10;30;20;10;10;10;40;30;100;40;0;;0;100;80;470;;80;10;80;30;0;0;10;30;20;0;10;;0;10;0;;0;10;0;10;30;10;0;0;10;10;30;0;20;10;0;0;20;0;20;0;0;10;0;10;10;10;10;80;10;30;10;20;10;0;20;10;50;10;0;10;0;0;10;10;10;30;0;10;40;20;;0;;10;50;10;10;60;0;0;20;10;10;10;10;80;10;;10;10;30;120;10;20;10;100;20;20;10;0;0;;;0;10;10;30;10;0;0;10;;10;10;10;;10;60;;0;10;250;0;140;0;10;10;10;140;0;130;10;20;40;0;10;;10;0;30;20;10;10;30;50;0;10;40;10;10;30;10;50;70;10;20;10;0;20;;10;;20;20;10;30;10;20;10;10;20;20;20;0;30;20;10;10;0;10;;10;;0;20;0;20;30;0;0;10;60;0;50;10;50;30;0;10;20;;10;20;20;0;20;10;10;10;0;0;10;10;;0;120;0;0;10;0;;10;0;20;40;;10;10;;0;0;10;;10;20;10;10;0;0;10;10;10;10;;30;10;;10;50;;;0;10;30;10;10;10;20;10;10;0;10;10;20;10;10;10;0;10;20;;10;10;10;10;20;10;20;10;0;10;20;10;20;0;20;50;20;10;0;10;0;0;20;0;20;0;10;10;20;0;30;30;40;380;0;0;20;0;0;40;0;0;0;0;0;0;0;10;10;40;20;0;10;10;20;30;0;10;30;0;10;0;10;20;10;20;0;30;40;0;0;20;0;50;110;0;10;10;10;10;10;10;30;10;130;20;10;10;10;10;30;10;10;20;60;50;10;10;;20;0;0;10;10;10;;10;10;20;;10;30;20;10;10;10;10;0;0;;10;;10;10;;40;10;0;10;;;10;10;10;10;10;10;30;20;10;0;0;70;10;10;0;10;20;30;20;;60;0;10;20;10;40;20;20;100;30
Vavo vmbo-t;0;0;10;0;0;0;0;20;10;30;10;0;;0;10;30;110;;20;0;50;0;0;0;10;10;0;0;0;;0;0;0;;0;0;0;10;10;0;0;0;0;10;10;0;10;0;0;0;10;0;0;0;0;0;0;0;0;0;0;10;0;10;0;0;0;0;0;0;10;10;0;0;0;0;0;0;0;10;0;0;10;0;;0;;0;20;0;0;20;0;0;10;0;0;0;0;20;0;;0;0;0;40;0;0;0;40;0;10;0;0;0;;;0;0;10;0;0;0;0;0;;0;0;10;;0;20;;0;0;90;0;20;0;0;0;0;50;0;50;0;0;10;0;0;;0;0;20;10;0;0;10;10;0;0;20;0;0;10;10;10;50;10;10;10;0;0;;0;;0;0;0;20;0;0;0;10;0;0;10;0;10;10;0;0;0;10;;0;;0;0;0;0;10;0;0;10;20;0;20;10;10;10;0;0;0;;0;0;0;0;10;10;0;0;0;0;0;0;;0;30;0;0;10;0;;0;0;0;10;;0;0;;10;0;0;;0;10;0;0;0;0;0;0;0;0;;0;0;;0;30;;;0;0;0;0;0;10;0;0;10;0;0;0;0;0;0;0;0;0;0;;0;0;0;0;10;0;0;0;0;0;10;0;10;0;0;10;0;0;0;10;0;0;10;0;10;0;0;0;10;0;10;0;10;130;0;0;10;0;0;10;0;0;0;0;0;0;0;0;0;10;0;0;0;0;0;10;0;0;10;0;0;0;0;0;0;0;0;0;10;0;0;10;0;20;60;0;0;0;0;0;10;10;10;0;40;0;0;0;10;0;10;0;0;10;20;10;0;0;;10;0;0;10;0;0;;0;0;0;;10;10;0;20;10;0;0;0;0;;0;;0;10;;10;0;0;0;;;10;0;10;0;10;0;0;0;0;0;0;20;0;10;0;0;10;10;0;;30;0;0;10;0;10;0;10;20;10
Totaal mbo (excl. extranei);710;420;690;940;990;600;640;2720;2560;7370;1850;320;;80;4140;1290;17780;;4820;450;4930;2420;530;180;520;1440;1960;390;450;;250;430;300;;300;570;500;680;1990;1520;980;420;790;770;1300;430;840;760;630;130;290;650;930;410;270;910;720;760;450;990;880;4490;540;1200;650;950;280;730;770;520;2010;840;1160;540;380;860;800;1030;760;2020;1010;1280;3230;610;;1000;;400;1820;820;950;4160;600;860;1490;550;930;740;700;3330;250;;650;600;680;5330;810;4030;580;5350;1090;820;1290;330;670;;;410;680;800;1010;1040;560;440;820;;1540;1070;560;;980;1960;;210;380;13590;590;5090;500;350;760;420;3290;160;3840;830;2510;1530;660;390;;570;320;1300;360;550;1590;1620;2950;420;440;2110;1250;1390;2690;820;2740;3590;400;1330;490;500;1880;;1110;;1570;2040;1310;2110;1420;1140;1060;660;940;700;1750;400;2280;1440;730;480;320;840;;630;;580;1150;250;880;1390;130;650;750;3730;440;2340;640;1360;2720;400;1090;750;;350;1310;580;420;840;650;480;360;770;430;660;620;;1040;2370;360;410;1310;460;;500;490;950;1330;;450;1320;;380;180;1080;;1110;1130;410;180;110;250;870;450;540;380;;1640;860;;1320;3600;;;200;910;1700;570;400;540;990;420;290;600;730;1500;830;1050;680;540;220;1120;1630;;830;260;400;1030;2740;650;1440;200;270;340;1260;960;1330;570;1330;2680;820;1290;780;650;150;400;1260;520;1370;390;530;1480;880;600;1640;1100;2260;21460;20;680;1480;180;330;2620;20;670;350;400;1010;300;440;750;500;2410;1040;760;520;510;2110;1130;610;360;2750;1340;740;690;800;1490;580;1590;290;3000;1620;90;350;850;1010;1360;6020;810;1300;890;1070;220;1390;450;680;1020;6320;1050;210;350;870;1040;2040;680;1300;1250;2090;3120;1540;650;;2350;590;30;1420;300;310;;470;780;570;;330;1340;750;520;370;410;1520;420;840;;550;;540;560;;3190;930;370;820;;;1230;530;720;470;960;650;1290;840;490;380;400;4690;850;370;450;210;720;1290;990;;3900;250;600;1220;670;1410;890;1360;3790;2570
Entreeopleiding (excl.extranei);20;10;20;10;20;10;20;110;140;250;70;10;;0;200;40;960;;120;30;400;130;10;10;30;50;30;10;10;;10;20;10;;0;0;10;20;90;20;20;10;20;20;80;10;30;20;0;0;10;10;30;0;10;40;20;30;10;20;40;210;20;20;20;50;10;40;20;0;70;30;30;10;10;40;30;10;20;70;50;30;90;20;;10;;20;120;20;20;320;20;10;60;0;40;10;10;70;0;;20;10;10;240;20;170;20;360;60;30;50;10;10;;;10;10;20;30;10;10;10;20;;20;50;40;;20;80;;0;10;940;10;240;10;10;10;10;170;0;120;30;30;70;10;20;;20;10;50;10;10;30;70;170;10;10;100;40;30;90;20;120;130;10;30;10;0;40;;40;;40;60;60;80;30;30;20;40;30;20;20;10;70;120;20;20;0;20;;10;;10;40;10;30;20;0;10;20;150;10;110;20;50;150;10;10;10;;0;50;10;10;20;10;10;10;20;10;20;10;;50;70;10;0;30;10;;10;20;20;40;;10;30;;10;0;40;;10;60;10;0;0;0;40;10;0;10;;60;20;;50;180;;;10;30;40;20;10;10;30;10;10;0;20;80;10;60;10;10;10;20;100;;20;10;10;10;80;10;40;0;10;0;50;30;20;30;20;90;10;20;20;30;0;10;80;10;50;30;10;50;40;10;40;40;100;1300;0;20;40;0;10;160;0;30;10;10;20;10;0;20;10;80;20;40;20;10;70;50;10;10;110;90;10;20;20;30;10;60;10;110;60;0;0;20;30;40;390;10;20;30;30;0;30;20;20;10;400;30;10;10;20;60;70;10;70;30;70;70;30;20;;110;30;0;40;0;10;;20;30;20;;10;30;30;10;10;10;20;10;20;;10;;10;30;;160;20;0;10;;;20;10;20;20;30;20;40;10;20;10;10;210;30;10;10;0;30;50;60;;160;10;10;40;20;60;20;50;150;900
Niveau 2 (exclusief extranei);150;100;120;180;220;120;90;590;620;1510;370;60;;30;820;220;4490;;1040;100;1140;490;110;40;120;300;450;80;80;;50;80;60;;60;80;100;140;440;290;180;100;140;160;310;100;160;170;150;20;40;100;190;70;70;210;150;120;110;180;170;860;120;210;140;220;50;180;200;100;440;150;250;100;80;190;150;200;130;430;240;270;910;110;;190;;100;400;180;200;1060;150;180;290;110;150;130;160;770;50;;160;120;110;1140;190;950;140;1430;250;160;280;90;140;;;80;160;170;220;210;100;80;170;;340;190;120;;220;410;;40;70;3530;90;1040;110;60;150;90;720;40;730;170;510;270;150;70;;120;60;250;50;110;320;340;770;60;70;590;250;340;650;180;550;760;60;310;100;100;420;;220;;340;470;320;530;300;220;210;130;180;130;350;80;520;370;150;110;70;170;;110;;110;250;50;200;260;30;120;190;790;100;580;130;290;630;90;170;130;;80;270;120;90;140;140;110;100;190;90;140;110;;250;550;90;100;290;90;;90;120;190;270;;80;290;;90;30;220;;260;200;70;20;20;50;220;90;90;90;;340;160;;320;840;;;40;170;340;110;80;100;180;80;60;110;150;360;170;230;140;120;40;210;320;;180;60;80;190;620;110;290;40;50;50;240;210;200;160;240;610;210;260;150;150;30;80;270;120;300;90;110;340;190;140;360;210;500;5320;0;170;300;30;70;710;0;140;50;50;210;60;70;140;100;460;200;150;90;90;480;250;120;70;670;340;150;180;190;270;100;350;50;650;330;20;100;170;230;360;1340;150;310;160;200;50;290;80;110;250;1570;230;50;60;180;270;420;120;270;260;430;650;300;170;;580;150;10;300;60;50;;90;140;110;;60;320;160;100;90;80;270;120;190;;120;;110;110;;560;210;80;180;;;230;120;150;100;190;130;270;170;100;80;80;1100;200;70;90;40;160;300;180;;810;60;120;210;130;300;180;310;690;540
Niveau 3 (exclusief extranei);190;130;160;290;320;200;180;750;750;2170;450;80;;20;950;330;4830;;1270;150;1200;620;110;40;140;370;530;120;120;;60;130;90;;80;140;180;210;610;450;260;90;180;260;320;100;240;230;140;40;60;160;240;120;70;260;190;200;110;320;180;1070;120;360;180;320;70;200;220;150;530;200;340;120;100;250;200;270;210;650;300;330;810;180;;270;;110;460;170;250;1240;190;250;390;170;270;240;230;990;70;;180;160;220;1240;250;1120;200;1370;320;240;350;90;160;;;100;200;200;240;300;180;140;200;;400;280;110;;290;490;;70;110;3650;200;1260;140;110;200;110;700;40;860;240;760;500;200;80;;150;80;350;70;180;390;480;790;100;110;570;340;400;620;240;840;780;100;310;140;120;550;;310;;470;570;390;610;440;320;340;180;250;190;530;90;670;410;230;140;90;240;;160;;160;340;60;270;380;40;170;210;910;120;590;180;350;760;110;360;180;;100;350;180;110;240;120;130;100;230;110;160;210;;260;820;110;110;420;150;;140;140;270;380;;130;340;;120;70;350;;390;310;110;50;40;70;290;130;170;120;;450;220;;350;1040;;;60;240;460;150;110;120;310;110;70;140;160;380;230;280;180;130;70;310;360;;240;70;120;300;750;200;390;60;80;110;370;280;460;150;360;770;220;310;220;160;40;90;300;160;430;110;140;370;290;190;510;280;700;5700;0;220;390;60;90;710;10;170;100;110;250;90;150;190;130;830;270;220;140;160;580;290;150;80;720;390;230;220;260;470;200;430;90;720;500;30;120;220;310;390;1230;230;410;250;300;60;360;140;180;290;1470;260;60;120;200;310;530;170;370;300;530;1090;560;170;;670;170;10;390;90;100;;110;210;100;;80;310;200;140;80;120;510;120;240;;150;;160;170;;780;270;90;210;;;350;140;190;150;300;190;350;220;130;120;100;1300;240;100;140;70;190;350;290;;1070;70;170;310;200;360;240;440;890;510
Niveau 4 (exclusief extranei);360;180;390;460;440;280;360;1260;1050;3450;960;180;;30;2160;710;7500;;2390;180;2200;1180;300;100;230;730;950;180;240;;130;200;140;;160;350;210;310;850;760;530;220;450;340;590;220;420;350;340;70;180;370;480;230;120;420;360;410;210;470;500;2350;280;600;320;380;150;310;330;270;970;460;540;300;190;390;430;550;400;880;430;660;1420;300;;530;;170;840;440;480;1540;250;420;760;260;480;350;300;1510;130;;280;310;340;2710;350;1790;230;2200;460;390;610;150;360;;;230;310;410;520;520;280;210;430;;790;550;290;;450;980;;90;200;5460;300;2550;230;180;400;210;1690;90;2130;390;1210;690;300;220;;290;180;640;230;250;860;730;1220;250;250;850;620;610;1340;380;1230;1910;230;690;240;280;870;;550;;720;940;540;890;650;570;480;320;480;360;850;220;1020;540;330;210;160;400;;350;;310;520;140;380;730;70;350;320;1880;220;1060;310;670;1180;180;560;430;;170;640;270;220;430;380;220;160;330;220;330;290;;490;940;150;200;570;210;;260;220;480;640;;240;650;;160;80;470;;450;560;230;100;60;120;330;230;280;170;;790;460;;610;1550;;;90;470;870;290;190;320;480;230;160;340;410;680;420;480;340;280;100;580;850;;380;120;190;530;1290;330;720;100;130;180;590;440;660;220;720;1210;380;710;390;310;80;220;600;240;590;160;280;730;370;260;730;570;960;9140;10;260;750;90;160;1040;10;340;190;230;520;140;210;400;250;1040;550;360;270;250;990;550;330;220;1260;520;340;270;320;720;270;760;140;1530;730;50;130;440;440;580;3060;420;560;450;540;110;720;220;370;470;2880;520;100;170;480;410;1020;390;600;670;1060;1310;660;290;;990;250;10;690;150;160;;250;400;340;;180;690;360;260;190;210;720;180;380;;280;;260;260;;1690;440;200;410;;;630;270;360;210;440;310;640;450;240;170;210;2080;380;200;200;100;340;590;470;;1860;110;290;660;340;690;450;560;2060;620
Hoger beroepsonderwijs;410;250;570;460;530;370;510;2210;1510;5110;1620;220;;20;3870;1940;25770;;3350;210;6360;1450;360;110;450;1060;1120;220;380;;190;240;110;;210;380;200;500;1370;870;660;210;670;540;770;220;820;500;410;120;330;430;730;190;110;390;520;370;360;640;700;9660;260;700;380;490;330;380;430;610;1590;920;540;450;240;550;630;590;460;2720;380;730;2800;1430;;740;;190;1130;540;500;2500;370;550;1600;320;620;620;560;3510;180;;310;360;590;8350;420;1920;340;6300;490;560;890;180;440;;;150;400;520;840;630;310;280;600;;720;700;500;;670;1750;;130;280;16540;410;15800;230;300;530;310;4150;160;3240;570;1190;850;290;340;;310;250;860;410;330;910;1070;1840;380;520;830;860;610;1700;630;2200;4270;390;950;400;380;2020;;730;;800;860;500;1530;960;1180;890;210;760;600;1190;250;1170;640;440;270;160;610;;480;;320;750;210;530;1200;150;340;350;7830;270;3630;560;1520;1360;200;700;680;;180;950;470;290;590;500;290;190;480;300;440;430;;670;4560;130;180;790;390;;320;190;760;860;;520;620;;220;90;640;;600;650;300;170;110;270;350;300;360;180;;1230;560;;800;7920;;;90;500;750;560;360;520;470;350;440;430;570;540;430;780;370;370;170;670;1120;;470;200;260;600;1880;540;660;290;170;200;930;600;980;170;1280;1760;480;910;300;530;100;300;1210;310;900;160;420;900;1020;370;1080;920;1670;18340;30;350;850;110;170;1720;10;490;280;260;470;200;270;630;420;2080;570;480;250;220;1100;920;450;340;1400;420;340;420;400;790;480;1230;160;1620;580;420;70;860;360;780;9100;670;630;540;700;200;830;310;550;310;13480;730;150;350;580;420;1530;340;800;970;1380;1990;880;330;;1520;180;20;1490;250;280;;470;520;550;;340;870;550;840;330;380;1030;390;470;;350;;250;410;;2380;430;210;620;;;870;440;430;300;540;330;1170;390;350;280;310;3180;450;290;260;130;470;1310;640;;3260;220;390;1010;460;850;380;960;5180;12630
Wetenschappelijk onderwijs;90;50;200;40;80;120;210;720;340;1540;650;60;;0;1100;3170;30670;;700;60;1160;300;70;20;150;380;250;70;90;;50;60;10;;50;80;40;200;260;100;150;70;170;180;230;20;580;130;60;70;250;50;230;30;30;50;90;30;120;150;160;1370;80;100;60;100;220;80;90;300;700;300;60;90;70;130;220;80;70;12290;80;160;480;1240;;140;;30;190;130;70;890;110;130;130;70;140;180;260;1170;40;;60;90;190;6100;50;240;70;6380;80;130;190;20;40;;;20;70;150;220;110;80;100;130;;130;80;120;;220;680;;40;60;7110;140;20290;40;70;90;100;1770;50;1340;120;100;190;100;210;;30;40;280;310;50;160;280;350;110;180;130;100;150;400;230;490;1110;150;220;160;90;850;;140;;120;150;150;500;210;550;330;10;300;220;140;30;480;150;100;40;50;220;;100;;80;150;90;150;490;70;70;90;550;40;10470;400;810;320;30;140;180;;40;230;180;30;110;100;70;40;90;60;130;80;;200;8800;30;40;180;130;;40;30;110;640;;300;110;;60;20;130;;160;110;100;60;50;140;80;80;80;40;;570;180;;190;11620;;;10;130;60;220;110;160;80;70;620;80;130;120;80;120;50;40;40;70;230;;80;70;50;80;500;140;90;220;50;40;280;200;180;30;700;560;120;100;20;250;20;60;190;110;310;20;130;120;530;90;290;390;380;14600;10;80;170;30;40;710;0;110;70;90;70;50;50;170;100;500;70;150;70;20;210;300;80;100;440;90;50;90;70;80;130;520;50;160;20;10;20;410;60;220;6830;80;70;160;110;110;150;100;220;30;19620;340;30;90;110;90;380;40;140;230;550;510;180;110;;540;30;0;60;80;50;;360;80;180;;100;220;230;6040;250;170;280;170;110;;80;;40;90;;690;50;80;110;;;230;140;130;70;70;40;420;60;120;70;70;1100;120;90;80;40;80;1060;140;;1280;80;120;370;100;190;50;300;750;8620
Bron: CBS;;;;;;;;;;;;;;;;;;;;;;;;;;;;;;;;;;;;;;;;;;;;;;;;;;;;;;;;;;;;;;;;;;;;;;;;;;;;;;;;;;;;;;;;;;;;;;;;;;;;;;;;;;;;;;;;;;;;;;;;;;;;;;;;;;;;;;;;;;;;;;;;;;;;;;;;;;;;;;;;;;;;;;;;;;;;;;;;;;;;;;;;;;;;;;;;;;;;;;;;;;;;;;;;;;;;;;;;;;;;;;;;;;;;;;;;;;;;;;;;;;;;;;;;;;;;;;;;;;;;;;;;;;;;;;;;;;;;;;;;;;;;;;;;;;;;;;;;;;;;;;;;;;;;;;;;;;;;;;;;;;;;;;;;;;;;;;;;;;;;;;;;;;;;;;;;;;;;;;;;;;;;;;;;;;;;;;;;;;;;;;;;;;;;;;;;;;;;;;;;;;;;;;;;;;;;;;;;;;;;;;;;;;;;;;;;;;;;;;;;;;;;;;